"";"name";"surname";"address";"city";"state";"phone";"email";"created"
"17";"Vere";"Effertz";"4948 Hoppe Shores";"Taniyahbury";"Maryland";"047-570-1897";"lucindy.kuhic@gmail.com";1970-06-23
"4";"Mervyn";"Kreiger";"376 Dorinda Stream";"Shaniquafort";"South Carolina";"869-985-6299";"emmerich.griselda@hotmail.com";1971-04-27
"16";"Whit";"Shanahan";"213 Brown Island";"Lake Dorianland";"Massachusetts";"521-889-8920";"inga79@hotmail.com";1973-09-02
"9";"Katlin";"Robel";"6151 Feeney Forest ";"Langbury";"Delaware";"389-982-6324";"herman.paris@gmail.com";1974-12-19
"20";"Arden";"Ryan";"5913 Gutmann Trail ";"Reinoborough";"Colorado";"012-486-9436";"bartell.collin@yahoo.com";1980-03-28
"13";"Jamal";"Johnston";"190 Danielle Path";"South Fronnie";"Minnesota";"536-694-7308";"cassin.burr@gmail.com";1981-03-23
"12";"Irva";"Brown";"71102 Hallie Hill ";"McGlynnville";"Georgia";"280-962-2286";"senger.marnie@hotmail.com";1983-04-21
"2";"Faustino";"Boyer";"70244 Skiles Falls ";"North Altohaven";"California";"308-699-6239";"ferrell81@gmail.com";1983-04-25
"8";"Phyliss";"Kling";"";"Carrollborough";"Wisconsin";"235-483-2883";"nienow.ilma@gmail.com";1985-06-17
"11";"Joshuah";"Mosciski";"31085 Schmitt Parkways ";"Dibbertport";"North Carolina";"868-757-2083";"brodie.lubowitz@hotmail.com";1986-08-04
"10";"Weston";"Ebert";"03552 Lehner Ridge";"New Attilio";"Hawaii";"668-750-4566";"lebsack.zana@gmail.com";1996-01-09
"5";"Katlyn";"Doyle";"4650 Beer Crossing ";"North Dellside";"Kentucky";"184-809-6600";"junious.oreilly@gmail.com";1999-03-21
"1";"Deonte";"Stark";"278 Mueller Plains";"North Euna";"Alabama";"180-940-9676";"shanna73@hotmail.com";2001-09-06
"14";"Jovanny";"Armstrong";"7334 Kris Flat";"";"Florida";"996-351-9955";"dollie70@yahoo.com";2002-12-22
"18";"Fitzgerald";"Bednar";"5272 Bosco Shoals ";"Labadieberg";"Mississippi";"835-065-4191";"blaise.jenkins@yahoo.com";2003-10-15
"7";"Jace";"Konopelski";"963 Senger Points ";"Lake Fonda";"North Dakota";"083-182-4626";"langosh.mathilde@hotmail.com";2004-05-20
"15";"Kaya";"Langworth";"08747 Keebler Ways";"Juluismouth";"Hawaii";"962-005-8003";"alby.huels@hotmail.com";2009-11-25
"3";"Eddy";"Bogisich";"33431 Dollie Squares ";"Port Campbell";"New York";"114-229-0278";"mirna.dickens@yahoo.com";2013-03-15
"19";"Arvid";"Mohr";"644 Jamel Creek";"New Melvynbury";"Nebraska";"529-583-2566";"jewess.alfredo@hotmail.com";2013-10-18
"6";"Daquan";"Leffler";"43142 Howell Ports ";"West Emory";"Connecticut";"874-576-0739";"natosha.kutch@yahoo.com";2014-01-15
